"lag","pacf"
1,0.821711669924678
3,0.27282052909002
9,-0.218937976303791
