"lag","acf"
1,1
2,0.821711669924678
3,0.648034668591885
4,0.596287936914447
5,0.537120597200673
6,0.442856503672377
7,0.325460872349583
8,0.229040584094509
