"min","Q_05.","Q1","mean","median","Q3","Q_95.","max","sd","var"
235,384,3118,5488.19153737002,7073,7375,7708,8304,2869.94338304557,8236575.02188707
